Nome0;Sobrenome0;email0@example.com;;Endereço0;Cidade0;95394-722;10/7/1975
Nome1;Sobrenome1;email1@example.com;55(47)8418-8284;Endereço1;Cidade1;69796-569;21/10/1969
Nome2;Sobrenome2;email2example.com;55(35)99558-7400;Endereço2;Cidade2;30656-767;2/2/1986


Nome2;Sobrenome2;email2@example.com;55(35)99558-7400;Endereço2;Cidade2;30656-767;2/2/1986
Nome3;Sobrenome3;email3@example.com;55(57)4112-1471;Endereço3;Cidade3;93796-200;4/3/1958
Nome4;Sobrenome4;email4@example.com;55(28)91396-3105;Endereço4;Cidade4;82469-127;14/3/1991
Nome5;Sobrenome5;email5@example.com;552828314033;Endereço5;Cidade5;87564-547;3/7/1953
Nome6;Sobrenome6;email6@example.com;556746785251;Endereço6;Cidade6;94709-851;1/10/1957
Nome7;Sobrenome7;email7@example.com;55(95)93625-5356;Endereço7;Cidade7;89975-785;18/12/1994
Nome8;Sobrenome8;email8@example.com;555543958058;Endereço8;Cidade8;86464-156;1/8/1969
Nome9;Sobrenome9;email9@example.com;55(88)4751-7083;Endereço9;Cidade9;73777-258;9/2/1958
Nome10;Sobrenome10;email10@example.com;55(61)3803-5523;Endereço10;Cidade10;36170-560;12/7/1958
Nome11;Sobrenome11;email11@example.com;55(69)97066-9938;Endereço11;Cidade11;15825-958;22/8/1954
Nome12;Sobrenome12;email12@example.com;;Endereço12;Cidade12;45164-304;16/6/1957
Nome13;Sobrenome13;email13@example.com;5580962385752;Endereço13;Cidade13;14661-472;9/10/1969
Nome14;Sobrenome14;email14@example.com;5526968091165;Endereço14;Cidade14;20836-184;25/7/1991
Nome15;Sobrenome15;email15@example.com;55(17)4760-5078;Endereço15;Cidade15;37910-781;3/10/1974
Nome16;Sobrenome16;email16@example.com;55(78)9028-6992;Endereço16;Cidade16;15132-739;18/4/1980
Nome17;Sobrenome17;email17@example.com;"5574 98887 3003";Endereço17;Cidade17;58211-627;13/7/1956
Nome18;Sobrenome18;email18@example.com;5598987036446;Endereço18;Cidade18;28068-293;18/1/1989
Nome19;Sobrenome19;email19@example.com;554938322027;Endereço19;Cidade19;21090-757;10/3/1981
Nome20;Sobrenome20;email20@example.com;;Endereço20;Cidade20;14877-904;10/3/1963
Nome21;Sobrenome21;email21@example.com;5555965664721;Endereço21;Cidade21;64456-209;23/5/1991
Nome22;Sobrenome22;email22@example.com;"5550 98576 3347";Endereço22;Cidade22;77363-579;5/5/1995
Nome23;Sobrenome23;email23@example.com;551965964714;Endereço23;Cidade23;27656-214;2/5/1996
Nome24;Sobrenome24;email24@example.com;;Endereço24;Cidade24;70017-903;1/11/1971
Nome25;Sobrenome25;email25@example.com;55(98)2925-5942;Endereço25;Cidade25;24079-693;13/9/1970
Nome26;Sobrenome26;email26@example.com;55(35)97416-1908;Endereço26;Cidade26;92883-957;21/4/1985
Nome27;Sobrenome27;email27@example.com;557035273057;Endereço27;Cidade27;45455-323;15/1/1950
Nome28;Sobrenome28;email28@example.com;;Endereço28;Cidade28;63164-886;1/3/1960
Nome29;Sobrenome29;email29@example.com;5552986316075;Endereço29;Cidade29;90808-706;28/8/1963
Nome30;Sobrenome30;email30@example.com;"5574 98622 9917";Endereço30;Cidade30;54822-355;7/11/1968
Nome31;Sobrenome31;email31@example.com;556742870939;Endereço31;Cidade31;22951-595;4/1/1999
Nome32;Sobrenome32;email32@example.com;559980494748;Endereço32;Cidade32;50668-991;2/5/1971
Nome33;Sobrenome33;email33@example.com;5511993037921;Endereço33;Cidade33;90419-581;8/12/1993
Nome34;Sobrenome34;email34@example.com;5580981637838;Endereço34;Cidade34;35399-914;23/4/1999
Nome35;Sobrenome35;email35@example.com;5583967966206;Endereço35;Cidade35;68101-591;20/3/1989
Nome36;Sobrenome36;email36@example.com;551328843926;Endereço36;Cidade36;98515-457;12/8/1985
Nome37;Sobrenome37;email37@example.com;;Endereço37;Cidade37;54302-672;19/10/1985
Nome38;Sobrenome38;email38@example.com;5513992422834;Endereço38;Cidade38;68622-925;16/7/1950
Nome39;Sobrenome39;email39@example.com;557578439669;Endereço39;Cidade39;18476-306;18/2/1975
Nome40;Sobrenome40;email40@example.com;"5546 99500 2420";Endereço40;Cidade40;49220-886;1/10/1994
Nome41;Sobrenome41;email41@example.com;55(79)92353-2352;Endereço41;Cidade41;52196-540;26/8/1952
Nome42;Sobrenome42;email42@example.com;55(73)3524-1592;Endereço42;Cidade42;85211-590;8/8/1979
Nome43;Sobrenome43;email43@example.com;"5581 98798 4453";Endereço43;Cidade43;52751-411;10/1/1970
Nome44;Sobrenome44;email44@example.com;552525555900;Endereço44;Cidade44;15551-876;22/1/1970
Nome45;Sobrenome45;email45@example.com;55(65)96526-1286;Endereço45;Cidade45;84355-801;25/8/1951
Nome46;Sobrenome46;email46@example.com;5533964321381;Endereço46;Cidade46;89036-822;19/2/1974
Nome47;Sobrenome47;email47@example.com;5590988003414;Endereço47;Cidade47;26780-649;23/5/1964
Nome48;Sobrenome48;email48@example.com;55(20)93600-2569;Endereço48;Cidade48;27588-844;7/1/1994
Nome49;Sobrenome49;email49@example.com;55(81)8587-9881;Endereço49;Cidade49;86784-496;20/6/1970
Nome50;Sobrenome50;email50@example.com;;Endereço50;Cidade50;84238-515;11/5/1960
Nome51;Sobrenome51;email51@example.com;55(14)6839-3996;Endereço51;Cidade51;65009-614;26/4/1988
Nome52;Sobrenome52;email52@example.com;55(63)92483-1456;Endereço52;Cidade52;13741-636;13/6/1983
Nome53;Sobrenome53;email53@example.com;55(43)96964-4809;Endereço53;Cidade53;94520-382;4/7/1989
Nome54;Sobrenome54;email54@example.com;55(65)5935-5890;Endereço54;Cidade54;80701-684;17/1/1953
Nome55;Sobrenome55;email55@example.com;55(72)99589-9130;Endereço55;Cidade55;56477-311;16/1/1958
Nome56;Sobrenome56;email56@example.com;5539992092658;Endereço56;Cidade56;52438-723;26/1/1974
Nome57;Sobrenome57;email57@example.com;5538987232226;Endereço57;Cidade57;11964-468;10/3/1970
Nome58;Sobrenome58;email58@example.com;5576915889967;Endereço58;Cidade58;13787-632;17/6/1989
Nome59;Sobrenome59;email59@example.com;558634699226;Endereço59;Cidade59;55040-271;24/8/1991
Nome60;Sobrenome60;email60@example.com;55(91)98734-3624;Endereço60;Cidade60;72148-570;27/4/1975